{"val/loss": 3.9705142974853516, "_timestamp": 1671201991.4631221, "_runtime": 40.7083101272583, "_step": 3, "val/loss_ce": 1.0775638818740845, "_wandb": {"runtime": 68}}