{"val/loss": 0.3531574308872223, "_timestamp": 1671202099.1560845, "_runtime": 63.09710955619812, "_step": 155, "val/loss_ce": 0.04091520234942436, "train/loss": 1.20194673538208, "train/loss_ce": 0.0755641758441925, "_wandb": {"runtime": 64}}